{"yellow": [[-0.2538, 0.73217], [-0.2538, 0.7024317370892019], [-0.2538, 0.6726934741784037], [-0.2538, 0.6429552112676056], [-0.2538, 0.6132169483568075], [-0.2538, 0.5834786854460094], [-0.2538, 0.5537404225352113], [-0.2538, 0.5240021596244131], [-0.2538, 0.49426389671361504], [-0.24204092664092666, 0.4788], [-0.21754285714285715, 0.4788], [-0.19304478764478766, 0.4788], [-0.16854671814671818, 0.4788], [-0.14404864864864866, 0.4788], [-0.11955057915057915, 0.4788], [-0.09505250965250966, 0.4788], [-0.07055444015444015, 0.4788], [-0.046056370656370665, 0.4788], [-0.021558301158301152, 0.4788], [0.0, 0.4823685915492958], [0.0, 0.5121068544600939], [0.0, 0.541845117370892], [0.0, 0.5715833802816901], [0.0, 0.6013216431924883], [0.0, 0.6310599061032864], [0.0, 0.6607981690140845], [0.0, 0.6905364319248826], [0.0, 0.7202746948356807], [-0.014698841698841697, 0.73217], [-0.03919691119691118, 0.73217], [-0.0636949806949807, 0.73217], [-0.08819305019305021, 0.73217], [-0.1126911196911197, 0.73217], [-0.1371891891891892, 0.73217], [-0.1616872586872587, 0.73217], [-0.1861853281853282, 0.73217], [-0.2106833976833977, 0.73217], [-0.2351814671814672, 0.73217]], "blue": [[-0.06173513513513515, 0.5002115492957746], [-0.05683552123552124, 0.5037801408450704], [-0.055855598455598454, 0.5073487323943662], [-0.05781544401544403, 0.5097277934272301], [-0.06271505791505791, 0.510917323943662], [-0.06467490347490348, 0.5073487323943662], [-0.17736602316602318, 0.5406555868544601], [-0.1460084942084942, 0.5430346478873239], [-0.12151042471042472, 0.5442241784037558], [-0.10583166023166024, 0.5216230985915493], [-0.08819305019305021, 0.5025906103286385], [-0.0774138996138996, 0.5002115492957746], [-0.10093204633204633, 0.5049696713615024], [-0.11367104247104248, 0.5347079342723005], [-0.13522934362934363, 0.541845117370892], [-0.1313096525096525, 0.5382765258215962], [-0.1313096525096525, 0.5085382629107982], [-0.14992818532818536, 0.5002115492957746], [-0.17442625482625485, 0.5002115492957746], [-0.19206486486486488, 0.5097277934272301], [-0.1910849420849421, 0.5394660563380281], [-0.18520540540540542, 0.5370869953051643], [-0.19010501930501933, 0.5132963849765259], [-0.17442625482625485, 0.5025906103286385], [-0.14992818532818536, 0.5025906103286385], [-0.13326949806949806, 0.5121068544600939], [-0.1371891891891892, 0.5370869953051643], [-0.07545405405405406, 0.5466032394366197], [-0.07349420849420849, 0.5192440375586854], [-0.07545405405405406, 0.5228126291079812], [-0.11465096525096527, 0.5466032394366197], [-0.10093204633204633, 0.5204335680751173], [-0.08133359073359073, 0.5073487323943662], [-0.09211274131274133, 0.5049696713615024], [-0.10681158301158303, 0.5299498122065728], [-0.14992818532818536, 0.5477927699530516], [-0.12543011583011585, 0.5489823004694836], [-0.12641003861003863, 0.5466032394366197], [-0.14894826254826254, 0.5430346478873239], [-0.13522934362934363, 0.5287602816901409], [-0.1411088803088803, 0.5049696713615024], [-0.16560694980694982, 0.5049696713615024], [-0.18814517374517375, 0.5085382629107982], [-0.18422548262548266, 0.5347079342723005], [-0.17246640926640927, 0.5430346478873239], [-0.1861853281853282, 0.5287602816901409], [-0.17932586872586875, 0.5073487323943662], [-0.15482779922779924, 0.5073487323943662], [-0.1371891891891892, 0.5156754460093896], [-0.14796833976833978, 0.5323288732394367], [-0.2214625482625483, 0.5751519718309859], [-0.21950270270270272, 0.5680147887323943], [-0.2106833976833977, 0.5489823004694836], [-0.1861853281853282, 0.5489823004694836], [-0.18520540540540542, 0.5466032394366197], [-0.2097034749034749, 0.5466032394366197], [-0.2214625482625483, 0.5632566666666666], [-0.09995212355212355, 0.5775310328638498], [-0.097992277992278, 0.5787205633802817], [-0.10387181467181467, 0.5965635211267606], [-0.10191196911196912, 0.5977530516431925], [-0.146988416988417, 0.6120274178403756], [-0.14502857142857145, 0.5846682159624413], [-0.13816911196911197, 0.5929949295774648], [-0.14012895752895754, 0.6037007042253522], [-0.13620926640926642, 0.5787205633802817], [-0.146988416988417, 0.5965635211267606], [-0.11661081081081082, 0.6298703755868544], [-0.10093204633204633, 0.6191646009389671], [-0.1028918918918919, 0.6060797652582159], [-0.10877142857142857, 0.6286808450704225], [-0.10485173745173745, 0.6060797652582159], [-0.11171119691119691, 0.6167855399061033], [-0.15090810810810812, 0.6310599061032864], [-0.14894826254826254, 0.6037007042253522], [-0.1460084942084942, 0.5763415023474179], [-0.12934980694980697, 0.5834786854460094], [-0.14208880308880312, 0.6132169483568075], [-0.14306872586872588, 0.621543661971831], [-0.13032972972972973, 0.5918053990610329], [-0.13620926640926642, 0.573962441314554], [-0.15090810810810812, 0.5882368075117371], [-0.15090810810810812, 0.6179750704225352], [-0.07545405405405406, 0.6346284976525822], [-0.059775289575289575, 0.6203541314553991], [-0.059775289575289575, 0.5906158685446009], [-0.07545405405405406, 0.5751519718309859], [-0.07545405405405406, 0.604890234741784], [-0.07349420849420849, 0.6334389671361502], [-0.07349420849420849, 0.6037007042253522], [-0.07153436293436294, 0.5763415023474179], [-0.06173513513513515, 0.5989425821596244], [-0.06173513513513515, 0.6286808450704225], [-0.07153436293436294, 0.6298703755868544], [-0.0636949806949807, 0.6084588262910798], [-0.06663474903474903, 0.5787205633802817], [-0.07153436293436294, 0.6037007042253522], [-0.06957451737451736, 0.6286808450704225], [-0.06957451737451736, 0.5989425821596244], [-0.06565482625482627, 0.5906158685446009], [-0.06565482625482627, 0.6203541314553991], [-0.12347027027027027, 0.6346284976525822], [-0.09897220077220079, 0.6358180281690141], [-0.09701235521235521, 0.6072692957746479], [-0.09897220077220079, 0.5799100938967137], [-0.09897220077220079, 0.6096483568075117], [-0.10387181467181467, 0.6334389671361502], [-0.1175907335907336, 0.6251122535211268], [-0.10485173745173745, 0.5953739906103286], [-0.10485173745173745, 0.589426338028169], [-0.1175907335907336, 0.6191646009389671], [-0.18814517374517375, 0.6346284976525822], [-0.17246640926640927, 0.6239227230046949], [-0.17246640926640927, 0.5941844600938967], [-0.1812857142857143, 0.573962441314554], [-0.18814517374517375, 0.5977530516431925], [-0.18814517374517375, 0.6274913145539907], [-0.1861853281853282, 0.6334389671361502], [-0.1861853281853282, 0.6037007042253522], [-0.18324555984555985, 0.5763415023474179], [-0.17442625482625485, 0.5953739906103286], [-0.17442625482625485, 0.6251122535211268], [-0.17736602316602318, 0.6274913145539907], [-0.1754061776061776, 0.6001321126760564], [-0.17736602316602318, 0.5918053990610329], [-0.17736602316602318, 0.621543661971831], [-0.18422548262548266, 0.6298703755868544], [-0.1822656370656371, 0.6167855399061033], [-0.1822656370656371, 0.5870472769953051], [-0.18422548262548266, 0.5882368075117371], [-0.18422548262548266, 0.6179750704225352], [-0.07349420849420849, 0.6619876995305164], [-0.048996138996139, 0.6572295774647887], [-0.037237065637065636, 0.6274913145539907], [-0.037237065637065636, 0.5977530516431925], [-0.037237065637065636, 0.5680147887323943], [-0.06173513513513515, 0.5466032394366197], [-0.06271505791505791, 0.5489823004694836], [-0.03919691119691118, 0.5703938497652582], [-0.03919691119691118, 0.6001321126760564], [-0.03919691119691118, 0.6298703755868544], [-0.05389575289575291, 0.6596086384976526], [-0.13424942084942088, 0.6619876995305164], [-0.10975135135135136, 0.6631772300469483], [-0.1126911196911197, 0.6607981690140845], [-0.2214625482625483, 0.6619876995305164], [-0.19696447876447878, 0.6631772300469483], [-0.17442625482625485, 0.6607981690140845], [-0.19892432432432433, 0.6607981690140845], [-0.21950270270270272, 0.6560400469483568], [-0.21166332046332048, 0.6358180281690141], [-0.20872355212355215, 0.6072692957746479], [-0.20872355212355215, 0.5775310328638498], [-0.2106833976833977, 0.6013216431924883], [-0.2106833976833977, 0.6310599061032864], [-0.2214625482625483, 